t,raw,filtered
0,0.091415,0.085369
0.001,-0.218781,0.132594
0.002,0.405483,0.151654
0.003,0.538081,0.174938
0.004,-0.269766,0.165932
0.005,-0.034219,0.202923
0.006,0.415945,0.241001
0.007,0.285074,0.28547
0.008,0.361207,0.300746
0.009,0.084881,0.285995
0.01,0.572836,0.310174
0.011,0.510272,0.349846
0.012,0.270377,0.317448
0.013,0.573517,0.353515
0.014,0.375821,0.364796
0.015,-0.003797,0.405473
0.016,0.402168,0.396163
0.017,0.059573,0.451752
0.018,0.681805,0.497786
0.019,0.485302,0.51349
0.02,0.532327,0.552185
0.021,0.470432,0.65061
0.022,1.121743,0.706917
0.023,0.776756,0.793491
0.024,0.74626,0.820709
0.025,0.801467,0.908547
0.026,1.078873,0.91864
0.027,1.021548,0.927973
0.028,1.01189,0.867343
0.029,0.981205,0.8759
0.03,1.451511,0.901667
0.031,0.643353,0.890664
0.032,0.573098,0.838394
0.033,0.454807,0.796878
0.034,0.870889,0.802548
0.035,1.029698,0.820078
0.036,0.680432,0.795853
0.037,0.503904,0.817956
0.038,0.564875,0.875617
0.039,1.074255,0.944044
0.04,1.174033,0.978809
0.041,1.185043,1.01645
0.042,0.886487,1.065906
0.043,1.207369,1.140029
0.044,1.207504,1.187002
0.045,1.253295,1.188137
0.046,1.443755,1.18387
0.047,1.224444,1.11644
0.048,1.319258,1.102929
0.049,1.081584,1.05324
0.05,1.086736,0.997651
0.051,1.12709,0.948218
0.052,0.443323,0.931749
0.053,0.737857,0.874188
0.054,0.660792,0.862344
0.055,0.596025,0.804582
0.056,0.709533,0.787807
0.057,1.262596,0.784996
0.058,0.591277,0.858823
0.059,1.188974,0.910691
0.06,0.446196,0.971438
0.061,0.902219,1.0047
0.062,1.096159,1.020546
0.063,1.255425,1.016608
0.064,1.308406,1.038446
0.065,1.329011,0.969113
0.066,0.9619,0.963855
0.067,0.88384,0.916119
0.068,1.219278,0.88351
0.069,0.831493,0.822242
0.07,0.426311,0.768228
0.071,0.388365,0.680696
0.072,0.377121,0.642985
0.073,0.737456,0.626958
0.074,0.581485,0.557778
0.075,0.714252,0.54808
0.076,0.36616,0.547989
0.077,0.54707,0.56218
0.078,0.707544,0.578471
0.079,0.4583,0.539904
0.08,0.724818,0.559776
0.081,0.425309,0.538042
0.082,0.544468,0.555909
0.083,0.556323,0.563439
0.084,0.313213,0.547708
0.085,0.800082,0.552284
0.086,0.47517,0.50345
0.087,0.5627,0.465162
0.088,0.629906,0.418612
0.089,0.534501,0.321762
0.09,0.508633,0.249861
0.091,0.187642,0.135155
0.092,0.004143,0.058606
0.093,0.032424,0.013375
0.094,-0.50903,-0.071347
0.095,-0.477699,-0.130251
0.096,-0.461688,-0.138294
0.097,-0.366869,-0.16009
0.098,0.065166,-0.134198
0.099,-0.302036,-0.15671
0.1,-0.113449,-0.112077
0.101,0.420161,-0.094303
0.102,-0.052113,-0.066699
0.103,0.28895,-0.022351
0.104,-0.215207,-0.095128
0.105,-0.018066,-0.083915
0.106,-0.282177,-0.103531
0.107,-0.15805,-0.202084
0.108,0.12096,-0.287598
0.109,-0.735384,-0.367898
0.11,-0.17869,-0.422229
0.111,-0.329221,-0.475328
0.112,-0.663927,-0.510066
0.113,-0.992769,-0.511411
0.114,-0.594352,-0.585652
0.115,-0.812838,-0.600148
0.116,-0.602162,-0.629114
0.117,-0.664289,-0.640446
0.118,-0.17285,-0.58843
0.119,-0.695693,-0.520342
0.12,-0.894835,-0.502678
0.121,-0.497321,-0.437853
0.122,-0.453868,-0.469014
0.123,-0.091752,-0.485432
0.124,-0.243802,-0.561202
0.125,-0.400045,-0.582136
0.126,-0.099766,-0.619141
0.127,-0.944937,-0.644051
0.128,-0.844882,-0.70181
0.129,-1.006324,-0.830538
0.13,-0.92596,-0.935254
0.131,-1.30189,-0.989885
0.132,-0.77134,-1.056099
0.133,-1.089212,-1.010951
0.134,-1.50776,-0.945828
0.135,-1.39568,-0.929502
0.136,-1.000984,-0.953992
0.137,-0.82812,-0.971151
0.138,-0.448314,-0.967738
0.139,-0.128525,-0.962897
0.14,-0.826734,-0.908764
0.141,-1.195352,-0.871478
0.142,-1.49064,-0.860115
0.143,-0.7338,-0.835802
0.144,-1.035958,-0.876009
0.145,-0.912296,-0.95956
0.146,-0.985532,-1.00913
0.147,-0.875996,-1.047552
0.148,-0.560676,-1.030517
0.149,-0.890589,-1.072759
0.15,-1.04759,-1.038337
0.151,-1.372006,-1.058438
0.152,-1.617989,-1.045472
0.153,-1.303258,-1.078193
0.154,-1.198461,-1.152457
0.155,-0.657309,-1.184275
0.156,-1.133416,-1.188735
0.157,-0.842898,-1.079796
0.158,-1.235929,-1.02383
0.159,-1.37758,-0.94745
0.16,-1.240592,-0.925943
0.161,-1.096645,-0.903153
0.162,-0.173679,-0.853156
0.163,-1.002367,-0.846871
0.164,-0.463069,-0.805196
0.165,-0.961885,-0.771367
0.166,-0.406623,-0.723871
0.167,-0.583453,-0.717318
0.168,-0.773762,-0.817856
0.169,-0.777506,-0.845146
0.17,-1.005453,-0.880806
0.171,-0.718137,-0.82982
0.172,-1.024565,-0.863319
0.173,-1.279596,-0.882148
0.174,-1.302561,-0.865348
0.175,-0.85533,-0.812483
0.176,-0.401031,-0.760575
0.177,-0.775118,-0.744521
0.178,-0.790573,-0.652775
0.179,-0.588963,-0.551258
0.18,-0.195985,-0.414049
0.181,-0.434465,-0.35271
0.182,-0.541548,-0.371042
0.183,-0.015351,-0.360669
0.184,-0.162915,-0.26895
0.185,0.206736,-0.196491
0.186,-0.180598,-0.214551
0.187,-0.602685,-0.2188
0.188,-0.661015,-0.164252
0.189,0.218344,-0.227375
0.19,0.208083,-0.269369
0.191,-0.39465,-0.299304
0.192,-0.481203,-0.316912
0.193,0.058487,-0.278658
0.194,-0.709706,-0.231497
0.195,-0.624853,-0.24214
0.196,-0.122546,-0.214197
0.197,-0.374293,-0.159454
0.198,-0.181884,-0.074881
0.199,-0.142247,-0.107426
0.2,0.101272,-0.011833
0.201,0.515459,0.056301
0.202,0.207523,0.068742
0.203,0.449093,0.112114
0.204,-0.299507,0.150518
0.205,0.341819,0.216521
0.206,0.124624,0.196316
0.207,0.014303,0.17307
0.208,0.102801,0.162395
0.209,0.240557,0.134047
0.21,0.583788,0.211713
0.211,-0.120983,0.221818
0.212,0.259757,0.27853
0.213,0.090094,0.311041
0.214,0.137266,0.328195
0.215,0.554818,0.353656
0.216,0.452977,0.368535
0.217,0.748457,0.452984
0.218,0.371918,0.474624
0.219,0.291497,0.548425
0.22,0.520628,0.624635
0.221,0.747459,0.726417
0.222,0.807953,0.819326
0.223,0.497799,0.808747
0.224,0.901905,0.84455
0.225,0.975575,0.851685
0.226,1.674422,0.857815
0.227,1.474968,0.864542
0.228,0.632097,0.887519
0.229,0.765743,0.884752
0.23,0.369984,0.847739
0.231,0.588065,0.765453
0.232,0.821452,0.67752
0.233,1.060695,0.588295
0.234,0.46737,0.596308
0.235,0.494763,0.589241
0.236,0.070429,0.645953
0.237,0.707151,0.643294
0.238,0.493495,0.632036
0.239,0.720246,0.70027
0.24,0.687998,0.730642
0.241,0.993818,0.763236
0.242,0.558822,0.912146
0.243,0.697607,1.028505
0.244,1.811273,1.048173
0.245,0.801462,1.063562
0.246,0.85329,1.095577
0.247,1.708439,1.132419
0.248,1.987104,1.130499
0.249,0.70984,1.133291
0.25,0.889525,1.061438
0.251,1.04017,1.072442
0.252,1.399079,1.058622
0.253,0.537701,0.977026
0.254,0.72832,0.840564
0.255,1.02089,0.855997
0.256,0.922506,0.859019
0.257,0.701267,0.866002
0.258,0.810879,0.821809
0.259,0.486022,0.885336
0.26,0.879604,0.945927
0.261,0.922768,0.954314
0.262,1.116985,0.973002
0.263,0.91296,0.998145
0.264,1.2365,1.005238
0.265,1.394821,1.014923
0.266,1.113147,1.009804
0.267,1.128072,0.982622
0.268,0.977832,0.991647
0.269,0.888909,1.000538
0.27,0.59255,0.944753
0.271,0.8233,0.84208
0.272,0.62377,0.755956
0.273,1.216258,0.733151
0.274,1.010764,0.701523
0.275,0.622861,0.687243
0.276,0.265419,0.642512
0.277,0.165785,0.652359
0.278,0.87721,0.669032
0.279,0.629928,0.589266
0.28,0.731828,0.543972
0.281,0.100511,0.55054
0.282,0.931615,0.578656
0.283,0.807171,0.599769
0.284,0.338836,0.553613
0.285,0.512533,0.517567
0.286,0.695106,0.474943
0.287,0.574691,0.517858
0.288,0.39803,0.368288
0.289,0.369495,0.288192
0.29,0.233424,0.258242
0.291,0.262956,0.213822
0.292,0.57258,0.134334
0.293,-0.713658,0.0292
0.294,-0.073885,-0.000802
0.295,0.009388,0.012717
0.296,0.02392,-0.047573
0.297,-0.179269,-0.042941
0.298,-0.581783,-0.097799
0.299,0.068006,-0.028695
0.3,0.518205,-0.046734
0.301,-0.429766,-0.056451
0.302,0.313915,-0.028292
0.303,-0.030862,-0.008025
0.304,0.046481,0.072365
0.305,-0.272304,0.070201
0.306,-0.097507,-0.001346
0.307,0.333674,0.041133
0.308,0.043664,-0.026246
0.309,0.302506,-0.056858
0.31,0.044207,-0.128626
0.311,-0.268815,-0.163144
0.312,0.037499,-0.234286
0.313,-0.427253,-0.29703
0.314,-0.367594,-0.389852
0.315,-0.742962,-0.449451
0.316,-0.652001,-0.508769
0.317,-0.880072,-0.499649
0.318,-0.356509,-0.52799
0.319,-0.977378,-0.484434
0.32,-0.35308,-0.477187
0.321,-0.608299,-0.501497
0.322,-0.168493,-0.497533
0.323,-0.274248,-0.508849
0.324,0.051858,-0.556788
0.325,-0.287874,-0.500267
0.326,-1.010369,-0.53159
0.327,-0.608394,-0.582795
0.328,-1.004558,-0.688083
0.329,-0.883836,-0.759214
0.33,-0.355648,-0.89629
0.331,-0.697624,-0.987972
0.332,-1.171564,-0.985753
0.333,-1.326661,-0.994148
0.334,-1.056683,-0.977375
0.335,-1.455975,-1.045975
0.336,-1.29638,-1.087024
0.337,-0.985955,-1.099005
0.338,-0.70074,-1.055221
0.339,-0.820056,-0.962544
0.34,-1.638443,-0.99436
0.341,-0.80718,-0.95102
0.342,-0.829416,-0.892848
0.343,-0.689946,-0.926393
0.344,-0.307213,-0.907682
0.345,-1.40666,-0.913994
0.346,-0.979234,-0.838439
0.347,-0.656487,-0.882047
0.348,-1.354948,-0.889667
0.349,-0.494918,-0.905289
0.35,-0.889493,-0.978981
0.351,-0.807335,-0.951301
0.352,-1.286867,-0.958335
0.353,-0.913236,-1.020941
0.354,-0.861785,-0.994705
0.355,-1.117825,-1.040332
0.356,-1.102178,-1.028929
0.357,-1.056617,-1.002105
0.358,-1.345144,-0.982709
0.359,-1.066356,-0.968062
0.36,-0.996813,-0.912133
0.361,-0.764059,-0.893165
0.362,-0.512272,-0.878932
0.363,-1.073512,-0.843428
0.364,-0.752118,-0.767684
0.365,-0.24657,-0.743978
0.366,-0.909172,-0.694565
0.367,-0.945614,-0.682472
0.368,-0.666079,-0.695844
0.369,-0.511962,-0.666702
0.37,-0.805589,-0.61731
0.371,-0.45327,-0.680014
0.372,-0.631032,-0.726832
0.373,-0.659368,-0.665749
0.374,-0.752945,-0.679016
0.375,-0.208811,-0.682967
0.376,-0.936307,-0.619497
0.377,-1.424172,-0.660013
0.378,-0.273705,-0.668349
0.379,-0.81202,-0.678582
0.38,-0.555421,-0.654881
0.381,-0.107415,-0.645323
0.382,-0.898948,-0.567303
0.383,-0.722732,-0.453077
0.384,-0.771926,-0.491901
0.385,-0.492231,-0.509176
0.386,-0.103677,-0.488182
0.387,-0.078088,-0.524579
0.388,-0.167685,-0.464868
0.389,-0.700764,-0.414348
0.39,-1.002048,-0.372806
0.391,-0.324488,-0.336012
0.392,-0.50778,-0.343601
0.393,-0.242131,-0.338441
0.394,-0.167007,-0.350889
0.395,-0.314962,-0.292081
0.396,-0.087505,-0.187146
0.397,-0.187148,-0.118873
0.398,-0.021328,-0.060185
0.399,-0.304616,0.004726
0.4,-0.053883,0.045062
0.401,0.152247,0.104815
0.402,0.426506,0.169934
0.403,0.137789,0.165887
0.404,0.471895,0.163449
0.405,0.276683,0.17881
0.406,0.34233,0.14524
0.407,0.628802,0.135681
0.408,-0.231671,0.138741
0.409,-0.048147,0.139861
0.41,-0.135639,0.125446
0.411,-0.42315,0.156502
0.412,0.047088,0.193158
0.413,0.460175,0.172133
0.414,0.150103,0.27559
0.415,0.313328,0.335915
0.416,0.618308,0.386745
0.417,0.745544,0.477637
0.418,0.397528,0.507806
0.419,0.906356,0.521274
0.42,0.615423,0.580328
0.421,0.423491,0.657322
0.422,0.576661,0.730943
0.423,0.378954,0.706204
0.424,0.608318,0.75823
0.425,0.799702,0.721002
0.426,1.160255,0.747572
0.427,1.428145,0.771568
0.428,0.473416,0.73275
0.429,0.969807,0.785989
0.43,0.496854,0.777006
0.431,0.907686,0.75471
0.432,0.687445,0.68878
0.433,0.149667,0.614943
0.434,0.964584,0.663491
0.435,0.509506,0.656625
0.436,0.554446,0.713338
0.437,0.435026,0.739432
0.438,0.615934,0.816384
0.439,1.007445,0.90002
0.44,0.894283,0.880024
0.441,1.120696,0.970296
0.442,1.194717,1.016066
0.443,1.533919,1.108333
0.444,1.069663,1.159277
0.445,0.744631,1.155024
0.446,1.502493,1.168483
0.447,1.057919,1.199854
0.448,1.449962,1.223685
0.449,1.176323,1.15903
0.45,0.960659,1.137765
0.451,1.042336,1.17143
0.452,1.465773,1.085787
0.453,1.456853,1.076062
0.454,0.822718,1.025223
0.455,0.835746,1.013305
0.456,1.114948,0.994397
0.457,0.560415,0.9515
0.458,0.950947,0.859853
0.459,0.890731,0.796487
0.46,1.045229,0.808368
0.461,0.752674,0.821351
0.462,0.570463,0.865784
0.463,0.457663,0.932445
0.464,0.759823,0.900564
0.465,0.953404,0.902618
0.466,0.978561,0.862709
0.467,1.603715,0.845889
0.468,1.293683,0.852565
0.469,0.600257,0.876824
0.47,0.91333,0.844597
0.471,0.606228,0.831878
0.472,0.567647,0.757184
0.473,0.643905,0.658825
0.474,0.724509,0.662163
0.475,0.405329,0.667114
0.476,0.813491,0.679888
0.477,0.156927,0.686671
0.478,0.521769,0.711892
0.479,1.330406,0.712894
0.48,0.654709,0.701836
0.481,1.053851,0.699729
0.482,0.68084,0.688324
0.483,0.845078,0.694987
0.484,0.65493,0.702119
0.485,0.602868,0.638864
0.486,0.382146,0.609086
0.487,0.688042,0.517395
0.488,0.23022,0.473004
0.489,0.600217,0.387503
0.49,0.634603,0.349518
0.491,0.327147,0.238866
0.492,0.045258,0.188819
0.493,0.19253,0.066996
0.494,-0.095432,0.002529
0.495,0.237099,-0.014839
0.496,-0.6143,-0.045354
0.497,-0.168377,-0.089738
0.498,-0.65201,-0.128675
0.499,-0.478911,-0.221131
0.5,0.409159,-0.223317
0.501,0.298948,-0.178603
0.502,-0.161078,-0.116019
0.503,-0.383056,-0.127894
0.504,-0.824481,-0.075681
0.505,-0.119483,-0.102808
0.506,0.728954,-0.184526
0.507,0.074125,-0.253143
0.508,-0.299005,-0.291661
0.509,-0.077664,-0.29127
0.51,-0.777305,-0.266371
0.511,-0.489738,-0.29837
0.512,-0.455838,-0.444398
0.513,-0.584781,-0.486049
0.514,-0.378749,-0.471158
0.515,-0.550597,-0.543991
0.516,-0.471467,-0.547638
0.517,-0.877356,-0.513946
0.518,-0.384039,-0.523135
0.519,-0.135206,-0.476626
0.52,-0.87883,-0.500364
0.521,-0.817412,-0.459605
0.522,-0.119132,-0.466641
0.523,-0.556912,-0.439198
0.524,-0.073189,-0.427825
0.525,-0.639867,-0.498947
0.526,-0.102244,-0.525528
0.527,-0.548862,-0.550896
0.528,-0.575488,-0.620688
0.529,-0.258936,-0.709718
0.53,-0.917548,-0.784861
0.531,-1.171221,-0.840934
0.532,-1.096454,-0.898477
0.533,-0.886845,-1.009091
0.534,-1.536246,-1.069379
0.535,-0.899765,-1.178293
0.536,-1.25667,-1.199094
0.537,-0.735214,-1.163231
0.538,-1.765612,-1.142452
0.539,-1.238654,-1.140747
0.54,-1.456997,-1.077037
0.541,-1.146359,-1.062594
0.542,-0.776726,-1.051653
0.543,-0.867881,-1.04558
0.544,-0.868089,-0.952243
0.545,-0.835444,-0.920046
0.546,-0.740887,-0.868897
0.547,-1.136319,-0.858015
0.548,-0.668415,-0.837116
0.549,-0.738903,-0.868077
0.55,-0.884489,-0.905507
0.551,-0.89435,-0.956699
0.552,-1.026658,-1.020927
0.553,-0.546843,-1.050306
0.554,-1.208454,-1.106699
0.555,-1.279813,-1.127913
0.556,-1.398557,-1.118304
0.557,-1.447399,-1.109443
0.558,-1.459482,-1.105711
0.559,-1.288736,-1.096413
0.56,-0.972261,-1.029206
0.561,-0.778789,-0.979586
0.562,-0.796877,-0.933791
0.563,-0.985612,-0.853322
0.564,-0.44456,-0.785086
0.565,-0.469183,-0.78097
0.566,-0.73399,-0.771887
0.567,-0.894813,-0.774675
0.568,-0.562242,-0.80967
0.569,-0.708885,-0.798454
0.57,-1.243455,-0.88018
0.571,-0.872352,-0.880609
0.572,-0.80946,-0.854677
0.573,-1.181823,-0.848852
0.574,-0.862227,-0.849164
0.575,-1.343554,-0.90388
0.576,-0.473903,-0.867855
0.577,-0.44873,-0.834587
0.578,-0.830736,-0.821807
0.579,-0.565674,-0.721389
0.58,-1.310762,-0.611623
0.581,-0.847184,-0.542986
0.582,-0.506403,-0.544139
0.583,-0.668878,-0.519703
0.584,-0.077223,-0.425418
0.585,0.345198,-0.435423
0.586,-0.588552,-0.340452
0.587,-0.486584,-0.247059
0.588,-0.179933,-0.280611
0.589,0.2064,-0.289068
0.59,-0.675729,-0.326004
0.591,-0.266084,-0.400269
0.592,0.180143,-0.347867
0.593,-0.875474,-0.313437
0.594,-0.761913,-0.353962
0.595,-0.483516,-0.358669
0.596,-0.471721,-0.304516
0.597,-0.012131,-0.229173
0.598,-0.10785,-0.239401
0.599,-0.625703,-0.148489
0.6,0.154623,-0.032063
0.601,-0.080048,0.067027
0.602,0.562682,0.156672
0.603,0.067635,0.145099
0.604,0.12456,0.200558
0.605,0.518774,0.257325
0.606,0.606471,0.27486
0.607,0.514376,0.266087
0.608,-0.139432,0.248502
0.609,0.502205,0.24177
0.61,-0.001275,0.218556
0.611,0.347517,0.217366
0.612,-0.176553,0.20039
0.613,0.369241,0.174908
0.614,-0.006412,0.272641
0.615,-0.1308,0.268403
0.616,0.505688,0.330732
0.617,0.419731,0.375109
0.618,0.234077,0.449087
0.619,0.935634,0.507893
0.62,0.45559,0.576391
0.621,0.684343,0.660617
0.622,0.835655,0.73471
0.623,0.637215,0.748907
0.624,1.016099,0.739275
0.625,0.747071,0.771699
0.626,0.795688,0.869379
0.627,1.320707,0.862183
0.628,0.575894,0.796932
0.629,0.128124,0.792908
0.63,1.292298,0.755548
0.631,1.530076,0.747418
0.632,0.60519,0.71344
0.633,0.117887,0.68302
0.634,0.59295,0.724887
0.635,0.60514,0.758943
0.636,0.657639,0.753448
0.637,0.421935,0.769072
0.638,0.986088,0.822174
0.639,1.03643,0.908848
0.64,0.502735,0.959042
0.641,1.231856,1.028293
0.642,1.701946,1.026523
0.643,1.189308,1.094065
0.644,1.071301,1.090255
0.645,1.145087,1.137338
0.646,1.366903,1.172131
0.647,0.638164,1.185674
0.648,1.164901,1.076646
0.649,0.944171,1.057444
0.65,1.554348,1.040371
0.651,0.885451,0.984578
0.652,1.380836,0.939163
0.653,0.502636,0.991583
0.654,0.978081,0.958533
0.655,0.883508,0.913014
0.656,0.531362,0.862384
0.657,0.867332,0.852489
0.658,1.214782,0.815764
0.659,0.801353,0.867393
0.66,0.443468,0.831141
0.661,0.997415,0.803715
0.662,0.776607,0.861516
0.663,0.976856,0.855855
0.664,1.070562,0.756281
0.665,0.579311,0.778382
0.666,0.58182,0.811709
0.667,1.167165,0.760925
0.668,0.805069,0.707894
0.669,0.119461,0.690861
0.67,1.04447,0.649166
0.671,0.810063,0.706421
0.672,0.438794,0.710398
0.673,0.193259,0.662126
0.674,0.7895,0.634486
0.675,0.611912,0.699336
0.676,1.209116,0.678149
0.677,0.625565,0.698044
0.678,0.636178,0.704921
0.679,0.501025,0.736565
0.68,0.832818,0.71118
0.681,0.811412,0.733118
0.682,1.028901,0.714877
0.683,0.514448,0.689646
0.684,0.541343,0.65664
0.685,0.51026,0.64775
0.686,0.853231,0.585081
0.687,1.008464,0.549203
0.688,0.348029,0.399376
0.689,0.273109,0.329804
0.69,0.40324,0.255292
0.691,0.143459,0.139725
0.692,0.416749,0.029723
0.693,-0.619193,-0.091893
0.694,-0.250842,-0.13178
0.695,-0.27829,-0.126254
0.696,-0.760985,-0.166833
0.697,-0.356787,-0.203009
0.698,-0.329313,-0.236294
0.699,-0.090724,-0.145492
0.7,0.33389,-0.145345
0.701,-0.043126,-0.144623
0.702,-0.254478,-0.065331
0.703,0.050609,-0.050859
0.704,0.37963,-0.023007
0.705,-0.249222,-0.043224
0.706,-0.270342,-0.090854
0.707,0.111225,-0.159316
0.708,-0.197594,-0.187325
0.709,-0.022942,-0.253671
0.71,-0.313111,-0.380797
0.711,-0.190042,-0.461868
0.712,-0.796205,-0.479575
0.713,-0.562577,-0.558657
0.714,-0.679198,-0.625291
0.715,-1.018758,-0.679264
0.716,-1.141008,-0.670135
0.717,-0.46512,-0.762321
0.718,-0.75867,-0.776166
0.719,-0.930571,-0.795132
0.72,-0.616639,-0.739637
0.721,-0.212698,-0.688294
0.722,-1.204088,-0.617121
0.723,-0.9485,-0.665293
0.724,-0.771202,-0.693069
0.725,-0.068753,-0.669806
0.726,-0.453981,-0.692966
0.727,-0.358112,-0.746108
0.728,-0.995004,-0.734723
0.729,-1.064212,-0.737866
0.73,-0.674673,-0.762627
0.731,-0.871402,-0.834713
0.732,-0.797263,-0.869575
0.733,-1.078847,-0.97641
0.734,-0.983075,-1.038397
0.735,-1.043571,-1.00079
0.736,-0.861708,-0.988744
0.737,-0.837456,-1.014727
0.738,-1.533295,-1.066982
0.739,-1.676865,-1.038211
0.74,-0.650533,-0.995062
0.741,-0.542173,-0.924067
0.742,-1.157213,-0.907445
0.743,-1.372064,-0.921493
0.744,-0.762366,-0.891707
0.745,-0.508437,-0.829861
0.746,-0.262625,-0.875366
0.747,-0.678869,-0.955178
0.748,-0.991985,-0.899317
0.749,-1.205642,-0.833381
0.75,-0.996565,-0.841064
0.751,-1.151089,-0.926547
0.752,-1.420104,-0.982783
0.753,-0.542739,-1.002363
0.754,-0.646775,-0.993031
0.755,-0.846874,-0.935805
0.756,-1.448754,-0.907796
0.757,-0.881214,-0.856808
0.758,-0.894252,-0.77906
0.759,-0.889333,-0.785391
0.76,-0.576157,-0.838056
0.761,-0.688466,-0.821159
0.762,-0.590215,-0.768163
0.763,-0.564879,-0.789027
0.764,-0.612378,-0.731434
0.765,-1.22609,-0.676978
0.766,-0.661009,-0.664982
0.767,-0.865796,-0.676167
0.768,-1.110723,-0.668577
0.769,-0.260732,-0.700458
0.77,-0.290318,-0.72172
0.771,-0.444192,-0.719603
0.772,-0.811506,-0.723513
0.773,-0.506727,-0.711792
0.774,-0.915564,-0.707681
0.775,-0.846268,-0.73881
0.776,-1.2028,-0.760072
0.777,-0.704018,-0.708691
0.778,-0.736865,-0.642097
0.779,-1.065506,-0.622223
0.78,-0.603144,-0.555294
0.781,-0.524199,-0.49857
0.782,0.120999,-0.416154
0.783,-0.078974,-0.404452
0.784,-0.288109,-0.36676
0.785,-0.179354,-0.318336
0.786,-0.222304,-0.328586
0.787,-0.296219,-0.300284
0.788,-0.575296,-0.335153
0.789,-0.32225,-0.411029
0.79,-0.532846,-0.420586
0.791,-0.715889,-0.405812
0.792,-0.21288,-0.379979
0.793,-0.262567,-0.341468
0.794,-0.913605,-0.296581
0.795,-0.39324,-0.290332
0.796,-0.016834,-0.262973
0.797,0.061855,-0.172099
0.798,0.127403,-0.119137
0.799,-0.08154,-0.031473
0.8,-0.253514,0.113985
0.801,-0.231895,0.180454
0.802,0.283729,0.182592
0.803,0.369696,0.201561
0.804,0.701744,0.226885
0.805,0.686428,0.256879
0.806,0.337924,0.289341
0.807,0.006685,0.340098
0.808,0.270515,0.321955
0.809,0.405964,0.292632
0.81,0.248392,0.260422
0.811,0.103566,0.21356
0.812,0.326433,0.221064
0.813,0.084157,0.265931
0.814,0.047148,0.255744
0.815,0.347426,0.259148
0.816,0.170945,0.337117
0.817,0.420469,0.364643
0.818,0.500231,0.352069
0.819,0.158451,0.373164
0.82,0.443413,0.452136
0.821,1.106044,0.504957
0.822,0.406357,0.56911
0.823,0.188119,0.644734
0.824,0.316205,0.603814
0.825,0.91584,0.673754
0.826,0.928455,0.745599
0.827,0.876631,0.680362
0.828,1.252327,0.696602
0.829,0.050108,0.721339
0.83,0.927797,0.731021
0.831,1.233709,0.70383
0.832,0.388437,0.727079
0.833,0.584997,0.771334
0.834,0.460228,0.72824
0.835,0.422703,0.862101
0.836,0.616737,0.871644
0.837,1.184197,0.906057
0.838,1.363435,0.971629
0.839,0.778296,1.028612
0.84,1.522575,1.104713
0.841,1.03277,1.260465
0.842,1.612248,1.33283
0.843,1.109731,1.307304
0.844,1.211816,1.306265
0.845,1.297331,1.316552
0.846,2.135982,1.250025
0.847,1.412751,1.260959
0.848,0.903404,1.191035
0.849,1.352009,1.170648
0.85,0.89145,1.132473
0.851,0.790778,1.09572
0.852,1.15305,0.98714
0.853,0.843084,0.883248
0.854,0.885476,0.90098
0.855,0.791884,0.837748
0.856,0.893051,0.808524
0.857,0.941603,0.830255
0.858,0.269936,0.825864
0.859,1.098462,0.829855
0.86,0.656451,0.871204
0.861,0.569994,0.859566
0.862,1.02981,0.86024
0.863,1.104752,0.846133
0.864,0.886987,0.90113
0.865,1.340316,0.882422
0.866,0.663865,0.861471
0.867,0.900462,0.888766
0.868,0.786423,0.850347
0.869,0.874908,0.747295
0.87,0.892676,0.659344
0.871,0.425984,0.582101
0.872,0.870241,0.561133
0.873,0.607208,0.523713
0.874,-0.028827,0.501557
0.875,-0.080471,0.481607
0.876,0.49064,0.483016
0.877,0.433218,0.473386
0.878,0.488841,0.423296
0.879,0.542709,0.399365
0.88,0.655453,0.469319
0.881,0.908182,0.566587
0.882,0.320052,0.561033
0.883,0.319253,0.497574
0.884,0.343968,0.443075
0.885,0.740665,0.399111
0.886,0.989475,0.344058
0.887,0.429549,0.262279
0.888,-0.264828,0.239357
0.889,-0.110657,0.201575
0.89,0.059106,0.194963
0.891,0.049869,0.103295
0.892,0.008616,-0.016329
0.893,0.067914,-0.047298
0.894,-0.096354,-0.067867
0.895,0.271236,-0.047179
0.896,-0.267683,-0.046992
0.897,-0.32639,-0.050568
0.898,0.088896,-0.001881
0.899,-0.491085,-0.019126
0.9,0.116908,0.049784
0.901,0.061159,0.019235
0.902,0.010534,0.003621
0.903,0.544178,0.023278
0.904,-0.121784,-0.0339
0.905,0.661655,-0.037851
0.906,-0.064799,-0.074063
0.907,-0.439445,-0.108624
0.908,-0.110157,-0.177363
0.909,-0.540061,-0.255904
0.91,-0.534544,-0.272718
0.911,-0.281431,-0.354784
0.912,-0.319007,-0.395441
0.913,-0.745602,-0.377705
0.914,-0.319769,-0.475703
0.915,-0.306738,-0.488711
0.916,-0.241074,-0.513862
0.917,-0.512021,-0.532287
0.918,-0.244355,-0.564281
0.919,-1.188126,-0.54597
0.92,-0.683157,-0.511669
0.921,-0.811205,-0.53739
0.922,-0.484099,-0.557671
0.923,-0.670943,-0.576818
0.924,-0.544183,-0.618753
0.925,0.057546,-0.584125
0.926,-0.589673,-0.5906
0.927,-0.46417,-0.572517
0.928,-0.722637,-0.576538
0.929,-0.705638,-0.604055
0.93,-0.807212,-0.637688
0.931,-0.754387,-0.773855
0.932,-0.612293,-0.820787
0.933,-0.528327,-0.848158
0.934,-0.973632,-0.849999
0.935,-0.914142,-0.866539
0.936,-1.440298,-0.850662
0.937,-1.105921,-0.846063
0.938,-0.765247,-0.831675
0.939,-0.742894,-0.84776
0.94,-0.887574,-0.840557
0.941,-0.632572,-0.821195
0.942,-0.703796,-0.84598
0.943,-0.454021,-0.815042
0.944,-0.705268,-0.930222
0.945,-0.894398,-1.000599
0.946,-0.701151,-1.004072
0.947,-1.712937,-1.034959
0.948,-0.765604,-1.107895
0.949,-2.032227,-1.193525
0.95,-1.517039,-1.200003
0.951,-0.925779,-1.238486
0.952,-0.972325,-1.217004
0.953,-1.506094,-1.160074
0.954,-1.395957,-1.172264
0.955,-0.776526,-1.029879
0.956,-1.317708,-0.968309
0.957,-0.464844,-0.985322
0.958,-1.086716,-0.968644
0.959,-0.899686,-0.897663
0.96,-0.465994,-0.870797
0.961,-0.839769,-0.869553
0.962,-1.112923,-0.833543
0.963,-0.788869,-0.832145
0.964,-0.725299,-0.801979
0.965,-1.100429,-0.801449
0.966,-0.762845,-0.839432
0.967,-0.921596,-0.837738
0.968,-0.449464,-0.802643
0.969,-0.754894,-0.841754
0.97,-0.893856,-0.886689
0.971,-0.883813,-0.836046
0.972,-0.821134,-0.85277
0.973,-0.72687,-0.876265
0.974,-1.219094,-0.884638
0.975,-1.219583,-0.856809
0.976,-0.543355,-0.862776
0.977,-0.946816,-0.814195
0.978,-1.180034,-0.751052
0.979,-0.541567,-0.701267
0.98,-0.448774,-0.596294
0.981,-0.959495,-0.545136
0.982,-0.349425,-0.508107
0.983,-0.126563,-0.453065
0.984,-0.179226,-0.384132
0.985,-0.064396,-0.339249
0.986,-0.656849,-0.289088
0.987,-0.136032,-0.186219
0.988,-0.341353,-0.153136
0.989,-0.421772,-0.178949
0.99,-0.04785,-0.18544
0.991,0.102988,-0.187358
0.992,0.172064,-0.147604
0.993,0.014496,-0.148067
0.994,-0.410513,-0.103042
0.995,-0.250618,-0.071169
0.996,-0.085498,-0.073761
0.997,-0.219558,-0.095854
0.998,-0.141118,-0.134128
0.999,0.153912,-0.158899
